Workbook

Sheet Scenario 1
A1: Student | B1: Lab1 | C1: Lab2 | D1: Lab3 | E1: Lab4 | F1: Lab5 | G1: Lab6 | H1: Lab7 | I1: Lab8 | J1: Lab9 | K1: Historical Project | L1: Statistics Project | M1: Final Project | N1: Mid-Term Exam | O1: Final Exam | P1: Point Total | Q1: Course Average | R1: Letter Grade
A2: Daniel A. | B2: 100 | C2: 82 | D2: 80 | E2: 87 | F2: 100 | G2: 78 | H2: 98 | I2: 88 | J2: 85 | K2: 94 | L2: 90 | M2: 100 | N2: 80 | O2: 98 | P2: =((SUM(B2:J2)/2)+SUM(K2:O2)) -> 861 | Q2: =(P2/950)*100 -> 90.631579 | R2: =VLOOKUP(Q2,'Letter Grade Array'!$A$2:$B$102, 2,TRUE) -> A
A3: John B. | B3: 98 | C3: 78 | D3: 95 | E3: 0 | F3: 84 | G3: 87 | H3: 92 | I3: 75 | J3: 50 | K3: 85 | L3: 80 | M3: 85 | N3: 85 | O3: 87 | P3: =((SUM(B3:J3)/2)+SUM(K3:O3)) -> 751.5 | Q3: =(P3/950)*100 -> 79.105263 | R3: =VLOOKUP(Q3,'Letter Grade Array'!$A$2:$B$102, 2,TRUE) -> C
A4: Samuel C. | B4: 100 | C4: 68 | D4: 96 | E4: 93 | F4: 97 | G4: 82 | H4: 87 | I4: 97 | J4: 80 | K4: 87 | L4: 100 | M4: 100 | N4: 90 | O4: 78 | P4: =((SUM(B4:J4)/2)+SUM(K4:O4)) -> 855 | Q4: =(P4/950)*100 -> 90 | R4: =VLOOKUP(Q4,'Letter Grade Array'!$A$2:$B$102, 2,TRUE) -> A
A5: Mary D. | B5: 100 | C5: 65 | D5: 80 | E5: 84 | F5: 92 | G5: 95 | H5: 100 | I5: 86 | J5: 100 | K5: 92 | L5: 80 | M5: 90 | N5: 90 | O5: 84 | P5: =((SUM(B5:J5)/2)+SUM(K5:O5)) -> 837 | Q5: =(P5/950)*100 -> 88.105263 | R5: =VLOOKUP(Q5,'Letter Grade Array'!$A$2:$B$102, 2,TRUE) -> B
A6: Margaret E. | B6: 98 | C6: 74 | D6: 90 | E6: 89 | F6: 100 | G6: 94 | H6: 72 | I6: 85 | J6: 90 | K6: 84 | L6: 95 | M6: 95 | N6: 95 | O6: 85 | P6: =((SUM(B6:J6)/2)+SUM(K6:O6)) -> 850 | Q6: =(P6/950)*100 -> 89.473684 | R6: =VLOOKUP(Q6,'Letter Grade Array'!$A$2:$B$102, 2,TRUE) -> B
A7: Ashley F. | B7: 95 | C7: 91 | D7: 82 | E7: 81 | F7: 94 | G7: 100 | H7: 90 | I7: 95 | J7: 100 | K7: 92 | L7: 95 | M7: 90 | N7: 85 | O7: 90 | P7: =((SUM(B7:J7)/2)+SUM(K7:O7)) -> 866 | Q7: =(P7/950)*100 -> 91.157895 | R7: =VLOOKUP(Q7,'Letter Grade Array'!$A$2:$B$102, 2,TRUE) -> A
A9: Class Mean | B9: =AVERAGE(B2:B7) -> 98.5 | C9: =AVERAGE(C2:C7) -> 76.333333 | D9: =AVERAGE(D2:D7) -> 87.166667 | E9: =AVERAGE(E2:E7) -> 72.333333 | F9: =AVERAGE(F2:F7) -> 94.5 | G9: =AVERAGE(G2:G7) -> 89.333333 | H9: =AVERAGE(H2:H7) -> 89.833333 | I9: =AVERAGE(I2:I7) -> 87.666667 | ... Q9: =AVERAGE(Q2:Q7) -> 88.078947 | R9: =VLOOKUP(Q9,'Letter Grade Array'!$A$2:$B$102, 2,TRUE) -> B
A10: Standard Dev. | B10: =_xlfn.STDEV.P(B2:B7) -> 1.8027756 | C10: =_xlfn.STDEV.P(C2:C7) -> 8.6922699 | D10: =_xlfn.STDEV.P(D2:D7) -> 6.7925613 | E10: =_xlfn.STDEV.P(E2:E7) -> 32.566172 | F10: =_xlfn.STDEV.P(F2:F7) -> 5.53022 | G10: =_xlfn.STDEV.P(G2:G7) -> 7.6955976 | H10: =_xlfn.STDEV.P(H2:H7) -> 9.1363134 | I10: =_xlfn.STDEV.P(I2:I7) -> 7.2033943 | ... Q10: =_xlfn.STDEV.P(Q2:Q7) -> 4.1263236
A12: 54/54

Sheet Scenario 2
A1: Student | B1: Test 1 | C1: Test 2 | D1: Test 3 | E1: Homework | F1: Final | G1: Point Total | H1: Course Average | I1: Letter Grade
A2: Daniel A. | B2: 90 | C2: 100 | D2: 85 | E2: 90 | F2: 98 | G2: =SUM(B2:F2) -> 463 | H2: =SUM(((SUM(B2:D2))*0.2), (E2*0.15), (F2*0.25)) -> 93 | I2: =VLOOKUP(H2, 'Letter Grade Array'!$A$2:$B$102, 2, TRUE) -> A
A3: John B. | B3: 82 | C3: 97 | D3: 76 | E3: 89 | F3: 93 | G3: =SUM(B3:F3) -> 437 | H3: =SUM(((SUM(B3:D3))*0.2), (E3*0.15), (F3*0.25)) -> 87.6 | I3: =VLOOKUP(H3, 'Letter Grade Array'!$A$2:$B$102, 2, TRUE) -> B
A4: Samuel C. | B4: 100 | C4: 80 | D4: 75 | E4: 99 | F4: 84 | G4: =SUM(B4:F4) -> 438 | H4: =SUM(((SUM(B4:D4))*0.2), (E4*0.15), (F4*0.25)) -> 86.85 | I4: =VLOOKUP(H4, 'Letter Grade Array'!$A$2:$B$102, 2, TRUE) -> B
A5: Mary D. | B5: 95 | C5: 88 | D5: 91 | E5: 72 | F5: 98 | G5: =SUM(B5:F5) -> 444 | H5: =SUM(((SUM(B5:D5))*0.2), (E5*0.15), (F5*0.25)) -> 90.1 | I5: =VLOOKUP(H5, 'Letter Grade Array'!$A$2:$B$102, 2, TRUE) -> A
A6: Margaret E. | B6: 90 | C6: 83 | D6: 80 | E6: 78 | F6: 93 | G6: =SUM(B6:F6) -> 424 | H6: =SUM(((SUM(B6:D6))*0.2), (E6*0.15), (F6*0.25)) -> 85.55 | I6: =VLOOKUP(H6, 'Letter Grade Array'!$A$2:$B$102, 2, TRUE) -> B
A7: Ashley F. | B7: 67 | C7: 71 | D7: 80 | E7: 89 | F7: 90 | G7: =SUM(B7:F7) -> 397 | H7: =SUM(((SUM(B7:D7))*0.2), (E7*0.15), (F7*0.25)) -> 79.45 | I7: =VLOOKUP(H7, 'Letter Grade Array'!$A$2:$B$102, 2, TRUE) -> C
A9: Class Mean | B9: =AVERAGE(B2:B7) -> 87.333333 | C9: =AVERAGE(C2:C7) -> 86.5 | D9: =AVERAGE(D2:D7) -> 81.166667 | E9: =AVERAGE(E2:E7) -> 86.166667 | F9: =AVERAGE(F2:F7) -> 92.666667 | G9: =AVERAGE(G2:G7) -> 433.83333 | H9: =AVERAGE(H2:H7) -> 87.091667 | I9: =VLOOKUP(H9, 'Letter Grade Array'!$A$2:$B$102, 2, TRUE) -> B
A10: Standard Dev. | B10: =_xlfn.STDEV.P(B2:B7) -> 10.60922 | C10: =_xlfn.STDEV.P(C2:C7) -> 9.9121138 | D10: =_xlfn.STDEV.P(D2:D7) -> 5.4594465 | E10: =_xlfn.STDEV.P(E2:E7) -> 8.7828748 | F10: =_xlfn.STDEV.P(F2:F7) -> 4.8189441 | G10: =_xlfn.STDEV.P(G2:G7) -> 20.144616 | H10: =_xlfn.STDEV.P(H2:H7) -> 4.184238

Sheet Scenario 3
A1: Student | B1: Homework | C1: Midterm | D1: Final | E1: Point Total | F1: Course Average | G1: Letter Grade
A2: Daniel A. | B2: 92 | C2: 90 | D2: 90 | E2: =SUM(B2:D2) -> 272 | F2: =(B2*0.25)+(C2*0.25)+(D2*0.5) -> 90.5 | G2: =VLOOKUP(F2, 'Letter Grade Array'!$A$2:$B$102, 2, TRUE) -> A
A3: John B. | B3: 89 | C3: 80 | D3: 70 | E3: =SUM(B3:D3) -> 239 | F3: =(B3*0.25)+(C3*0.25)+(D3*0.5) -> 77.25 | G3: =VLOOKUP(F3, 'Letter Grade Array'!$A$2:$B$102, 2, TRUE) -> C
A4: Samuel C. | B4: 80 | C4: 80 | D4: 95 | E4: =SUM(B4:D4) -> 255 | F4: =(B4*0.25)+(C4*0.25)+(D4*0.5) -> 87.5 | G4: =VLOOKUP(F4, 'Letter Grade Array'!$A$2:$B$102, 2, TRUE) -> B
A5: Mary D. | B5: 80 | C5: 80 | D5: 68 | E5: =SUM(B5:D5) -> 228 | F5: =(B5*0.25)+(C5*0.25)+(D5*0.5) -> 74 | G5: =VLOOKUP(F5, 'Letter Grade Array'!$A$2:$B$102, 2, TRUE) -> C
A6: Margaret E. | B6: 90 | C6: 85 | D6: 90 | E6: =SUM(B6:D6) -> 265 | F6: =(B6*0.25)+(C6*0.25)+(D6*0.5) -> 88.75 | G6: =VLOOKUP(F6, 'Letter Grade Array'!$A$2:$B$102, 2, TRUE) -> B
A7: Ashley F. | B7: 78 | C7: 70 | D7: 82 | E7: =SUM(B7:D7) -> 230 | F7: =(B7*0.25)+(C7*0.25)+(D7*0.5) -> 78 | G7: =VLOOKUP(F7, 'Letter Grade Array'!$A$2:$B$102, 2, TRUE) -> C
A9: Class Mean | B9: =AVERAGE(B2:B7) -> 84.833333 | C9: =AVERAGE(C2:C7) -> 80.833333 | D9: =AVERAGE(D2:D7) -> 82.5 | E9: =AVERAGE(E2:E7) -> 248.16667 | F9: =AVERAGE(F2:F7) -> 82.666667 | G9: =VLOOKUP(F9, 'Letter Grade Array'!$A$2:$B$102, 2, TRUE) -> B
A10: Standard Dev. | B10: =_xlfn.STDEV.P(B2:B7) -> 5.6100109 | C10: =_xlfn.STDEV.P(C2:C7) -> 6.0667582 | D10: =_xlfn.STDEV.P(D2:D7) -> 10.291582 | E10: =_xlfn.STDEV.P(E2:E7) -> 16.92549 | F10: =_xlfn.STDEV.P(F2:F7) -> 6.4285604

Sheet Scenario 4
A1: Student | B1: HW 1 | C1: HW 2 | D1: HW 3 | E1: HW 4 | F1: HW 5 | G1: HW 6 | H1: HW 7 | I1: HW 8 | J1: HW 9 | K1: HW 10 | L1: HW Average | M1: Midterm | N1: Final | O1: Point Total | P1: Course Average | Q1: Letter Grade
A2: Daniel A. | B2: 100 | C2: 98 | D2: 100 | E2: 67 | F2: 98 | G2: 59 | H2: 87 | I2: 81 | J2: 96 | K2: 84 | L2: =((SUM(B2:K2))-(MIN(B2:K2)))/9 -> 90.111111 | M2: 100 | N2: 80 | O2: =SUM(L2:N2) -> 270.11111 | P2: =(L2*0.3)+(M2*0.2)+(N2*0.5) -> 87.033333 | Q2: =VLOOKUP(P2, 'Letter Grade Array'!$A$2:$B$102, 2, TRUE) -> B
A3: John B. | B3: 86 | C3: 84 | D3: 82 | E3: 97 | F3: 98 | G3: 84 | H3: 51 | I3: 76 | J3: 94 | K3: 80 | L3: =((SUM(B3:K3))-(MIN(B3:K3)))/9 -> 86.777778 | M3: 90 | N3: 80 | O3: =SUM(L3:N3) -> 256.77778 | P3: =(L3*0.3)+(M3*0.2)+(N3*0.5) -> 84.033333 | Q3: =VLOOKUP(P3, 'Letter Grade Array'!$A$2:$B$102, 2, TRUE) -> B
A4: Samuel C. | B4: 84 | C4: 100 | D4: 65 | E4: 80 | F4: 90 | G4: 93 | H4: 71 | I4: 75 | J4: 57 | K4: 50 | L4: =((SUM(B4:K4))-(MIN(B4:K4)))/9 -> 79.444444 | M4: 85 | N4: 75 | O4: =SUM(L4:N4) -> 239.44444 | P4: =(L4*0.3)+(M4*0.2)+(N4*0.5) -> 78.333333 | Q4: =VLOOKUP(P4, 'Letter Grade Array'!$A$2:$B$102, 2, TRUE) -> C
A5: Mary D. | B5: 80 | C5: 82 | D5: 100 | E5: 97 | F5: 81 | G5: 80 | H5: 99 | I5: 95 | J5: 74 | K5: 70 | L5: =((SUM(B5:K5))-(MIN(B5:K5)))/9 -> 87.555556 | M5: 80 | N5: 76 | O5: =SUM(L5:N5) -> 243.55556 | P5: =(L5*0.3)+(M5*0.2)+(N5*0.5) -> 80.266667 | Q5: =VLOOKUP(P5, 'Letter Grade Array'!$A$2:$B$102, 2, TRUE) -> B
A6: Margaret E. | B6: 100 | C6: 82 | D6: 84 | E6: 85 | F6: 68 | G6: 100 | H6: 80 | I6: 70 | J6: 95 | K6: 62 | L6: =((SUM(B6:K6))-(MIN(B6:K6)))/9 -> 84.888889 | M6: 100 | N6: 80 | O6: =SUM(L6:N6) -> 264.88889 | P6: =(L6*0.3)+(M6*0.2)+(N6*0.5) -> 85.466667 | Q6: =VLOOKUP(P6, 'Letter Grade Array'!$A$2:$B$102, 2, TRUE) -> B
A7: Ashley F. | B7: 68 | C7: 58 | D7: 80 | E7: 100 | F7: 75 | G7: 86 | H7: 100 | I7: 95 | J7: 90 | K7: 90 | L7: =((SUM(B7:K7))-(MIN(B7:K7)))/9 -> 87.111111 | M7: 95 | N7: 92 | O7: =SUM(L7:N7) -> 274.11111 | P7: =(L7*0.3)+(M7*0.2)+(N7*0.5) -> 91.133333 | Q7: =VLOOKUP(P7, 'Letter Grade Array'!$A$2:$B$102, 2, TRUE) -> A
A9: Class Mean | B9: =AVERAGE(B2:B7) -> 86.333333 | C9: =AVERAGE(C2:C7) -> 84 | D9: =AVERAGE(D2:D7) -> 85.166667 | E9: =AVERAGE(E2:E7) -> 87.666667 | F9: =AVERAGE(F2:F7) -> 85 | G9: =AVERAGE(G2:G7) -> 83.666667 | H9: =AVERAGE(H2:H7) -> 81.333333 | I9: =AVERAGE(I2:I7) -> 82 | ... P9: =AVERAGE(P2:P7) -> 84.377778 | Q9: =VLOOKUP(P9, 'Letter Grade Array'!$A$2:$B$102, 2, TRUE) -> B
A10: Standard Dev. | B10: =_xlfn.STDEV.P(B2:B7) -> 11.220022 | C10: =_xlfn.STDEV.P(C2:C7) -> 13.759845 | D10: =_xlfn.STDEV.P(D2:D7) -> 12.143814 | E10: =_xlfn.STDEV.P(E2:E7) -> 11.685699 | F10: =_xlfn.STDEV.P(F2:F7) -> 11.313708 | G10: =_xlfn.STDEV.P(G2:G7) -> 12.788884 | H10: =_xlfn.STDEV.P(H2:H7) -> 16.937795 | I10: =_xlfn.STDEV.P(I2:I7) -> 9.7296797 | ... P10: =_xlfn.STDEV.P(P2:P7) -> 4.2314373

Sheet Scenario 5
A1: Student | B1: HW 1 | C1: HW 2 | D1: HW 3 | E1: HW 4 | F1: HW 5 | G1: HW 6 | H1: HW 7 | I1: HW 8 | J1: HW 9 | K1: HW 10 | L1: HW Average | M1: Midterm | N1: Final | O1: Point Total | P1: Course Average | Q1: Letter Grade
A2: Daniel A. | B2: 100 | C2: 98 | D2: 100 | E2: 67 | F2: 98 | G2: 59 | H2: 87 | I2: 81 | J2: 96 | K2: 84 | L2: =((SUM(B2:K2))-((SMALL(B2:K2,1))+(SMALL(B2:K2,2))))/8 -> 93 | M2: 100 | N2: 80 | O2: =SUM(L2:N2) -> 273 | P2: =(L2*0.3)+(M2*0.2)+(N2*0.5) -> 87.9 | Q2: =VLOOKUP(P2, 'Letter Grade Array'!$A$2:$B$102, 2, TRUE) -> B
A3: John B. | B3: 86 | C3: 84 | D3: 82 | E3: 97 | F3: 98 | G3: 84 | H3: 51 | I3: 76 | J3: 94 | K3: 80 | L3: =((SUM(B3:K3))-((SMALL(B3:K3,1))+(SMALL(B3:K3,2))))/8 -> 88.125 | M3: 90 | N3: 80 | O3: =SUM(L3:N3) -> 258.125 | P3: =(L3*0.3)+(M3*0.2)+(N3*0.5) -> 84.4375 | Q3: =VLOOKUP(P3, 'Letter Grade Array'!$A$2:$B$102, 2, TRUE) -> B
A4: Samuel C. | B4: 84 | C4: 100 | D4: 65 | E4: 80 | F4: 90 | G4: 93 | H4: 71 | I4: 75 | J4: 57 | K4: 50 | L4: =((SUM(B4:K4))-((SMALL(B4:K4,1))+(SMALL(B4:K4,2))))/8 -> 82.25 | M4: 85 | N4: 75 | O4: =SUM(L4:N4) -> 242.25 | P4: =(L4*0.3)+(M4*0.2)+(N4*0.5) -> 79.175 | Q4: =VLOOKUP(P4, 'Letter Grade Array'!$A$2:$B$102, 2, TRUE) -> C
A5: Mary D. | B5: 80 | C5: 82 | D5: 100 | E5: 97 | F5: 81 | G5: 80 | H5: 99 | I5: 95 | J5: 74 | K5: 70 | L5: =((SUM(B5:K5))-((SMALL(B5:K5,1))+(SMALL(B5:K5,2))))/8 -> 89.25 | M5: 80 | N5: 76 | O5: =SUM(L5:N5) -> 245.25 | P5: =(L5*0.3)+(M5*0.2)+(N5*0.5) -> 80.775 | Q5: =VLOOKUP(P5, 'Letter Grade Array'!$A$2:$B$102, 2, TRUE) -> B
A6: Margaret E. | B6: 100 | C6: 82 | D6: 84 | E6: 85 | F6: 68 | G6: 100 | H6: 80 | I6: 70 | J6: 95 | K6: 62 | L6: =((SUM(B6:K6))-((SMALL(B6:K6,1))+(SMALL(B6:K6,2))))/8 -> 87 | M6: 100 | N6: 80 | O6: =SUM(L6:N6) -> 267 | P6: =(L6*0.3)+(M6*0.2)+(N6*0.5) -> 86.1 | Q6: =VLOOKUP(P6, 'Letter Grade Array'!$A$2:$B$102, 2, TRUE) -> B
A7: Ashley F. | B7: 68 | C7: 58 | D7: 80 | E7: 100 | F7: 75 | G7: 86 | H7: 100 | I7: 95 | J7: 90 | K7: 90 | L7: =((SUM(B7:K7))-((SMALL(B7:K7,1))+(SMALL(B7:K7,2))))/8 -> 89.5 | M7: 95 | N7: 92 | O7: =SUM(L7:N7) -> 276.5 | P7: =(L7*0.3)+(M7*0.2)+(N7*0.5) -> 91.85 | Q7: =VLOOKUP(P7, 'Letter Grade Array'!$A$2:$B$102, 2, TRUE) -> A
A9: Class Mean | B9: =AVERAGE(B2:B7) -> 86.333333 | C9: =AVERAGE(C2:C7) -> 84 | D9: =AVERAGE(D2:D7) -> 85.166667 | E9: =AVERAGE(E2:E7) -> 87.666667 | F9: =AVERAGE(F2:F7) -> 85 | G9: =AVERAGE(G2:G7) -> 83.666667 | H9: =AVERAGE(H2:H7) -> 81.333333 | I9: =AVERAGE(I2:I7) -> 82 | ... P9: =AVERAGE(P2:P7) -> 85.039583 | Q9: =VLOOKUP(P9, 'Letter Grade Array'!$A$2:$B$102, 2, TRUE) -> B
A10: Standard Dev. | B10: =_xlfn.STDEV.P(B2:B7) -> 11.220022 | C10: =_xlfn.STDEV.P(C2:C7) -> 13.759845 | D10: =_xlfn.STDEV.P(D2:D7) -> 12.143814 | E10: =_xlfn.STDEV.P(E2:E7) -> 11.685699 | F10: =_xlfn.STDEV.P(F2:F7) -> 11.313708 | G10: =_xlfn.STDEV.P(G2:G7) -> 12.788884 | H10: =_xlfn.STDEV.P(H2:H7) -> 16.937795 | I10: =_xlfn.STDEV.P(I2:I7) -> 9.7296797 | ... P10: =_xlfn.STDEV.P(P2:P7) -> 4.2550119

Sheet Scenario 6
A1: Student | B1: Exam 1 | C1: Exam 2 | D1: Exam 3 | E1: Final | F1: Point Total | G1: Course Average | H1: Letter Grade
A2: Daniel A. | B2: 92 | C2: 89 | D2: 82 | E2: 95 | F2: =SUM(B2:E2) -> 358 | G2: =IF((((E2*0.5)+((SUM(B2:D2)/3)*0.5))>((E2/3)+(2*SUM(B2:D2)/9))),((E2*0.5)+((SUM(B2:D2)/3)*0.5)), ((E2/3)+(2*SUM(B2:D2)/9))) -> 91.333333 | H2: =VLOOKUP(G2, 'Letter Grade Array'!A2:B102, 2, TRUE) -> A
A3: John B. | B3: 76 | C3: 85 | D3: 100 | E3: 97 | F3: =SUM(B3:E3) -> 358 | G3: =IF((((E3*0.5)+((SUM(B3:D3)/3)*0.5))>((E3/3)+(2*SUM(B3:D3)/9))),((E3*0.5)+((SUM(B3:D3)/3)*0.5)), ((E3/3)+(2*SUM(B3:D3)/9))) -> 92 | H3: =VLOOKUP(G3, 'Letter Grade Array'!A3:B103, 2, TRUE) -> A
A4: Samuel C. | B4: 70 | C4: 82 | D4: 93 | E4: 70 | F4: =SUM(B4:E4) -> 315 | G4: =IF((((E4*0.5)+((SUM(B4:D4)/3)*0.5))>((E4/3)+(2*SUM(B4:D4)/9))),((E4*0.5)+((SUM(B4:D4)/3)*0.5)), ((E4/3)+(2*SUM(B4:D4)/9))) -> 77.777778 | H4: =VLOOKUP(G4, 'Letter Grade Array'!A4:B104, 2, TRUE) -> C
A5: Mary D. | B5: 88 | C5: 80 | D5: 96 | E5: 79 | F5: =SUM(B5:E5) -> 343 | G5: =IF((((E5*0.5)+((SUM(B5:D5)/3)*0.5))>((E5/3)+(2*SUM(B5:D5)/9))),((E5*0.5)+((SUM(B5:D5)/3)*0.5)), ((E5/3)+(2*SUM(B5:D5)/9))) -> 85 | H5: =VLOOKUP(G5, 'Letter Grade Array'!A5:B105, 2, TRUE) -> B
A6: Margaret E. | B6: 69 | C6: 96 | D6: 91 | E6: 100 | F6: =SUM(B6:E6) -> 356 | G6: =IF((((E6*0.5)+((SUM(B6:D6)/3)*0.5))>((E6/3)+(2*SUM(B6:D6)/9))),((E6*0.5)+((SUM(B6:D6)/3)*0.5)), ((E6/3)+(2*SUM(B6:D6)/9))) -> 92.666667 | H6: =VLOOKUP(G6, 'Letter Grade Array'!A6:B106, 2, TRUE) -> A
A7: Ashley F. | B7: 90 | C7: 98 | D7: 75 | E7: 95 | F7: =SUM(B7:E7) -> 358 | G7: =IF((((E7*0.5)+((SUM(B7:D7)/3)*0.5))>((E7/3)+(2*SUM(B7:D7)/9))),((E7*0.5)+((SUM(B7:D7)/3)*0.5)), ((E7/3)+(2*SUM(B7:D7)/9))) -> 91.333333 | H7: =VLOOKUP(G7, 'Letter Grade Array'!A7:B107, 2, TRUE) -> A
A9: Class Mean | B9: =AVERAGE(B2:B7) -> 80.833333 | C9: =AVERAGE(C2:C7) -> 88.333333 | D9: =AVERAGE(D2:D7) -> 89.5 | E9: =AVERAGE(E2:E7) -> 89.333333 | F9: =AVERAGE(F2:F7) -> 348 | G9: =AVERAGE(G2:G7) -> 88.351852 | H9: =VLOOKUP(G9, 'Letter Grade Array'!A9:B109, 2, TRUE) -> B
A10: Standard Dev. | B10: =_xlfn.STDEV.P(B2:B7) -> 9.4941502 | C10: =_xlfn.STDEV.P(C2:C7) -> 6.7494856 | D10: =_xlfn.STDEV.P(D2:D7) -> 8.5 | E10: =_xlfn.STDEV.P(E2:E7) -> 10.934146 | F10: =_xlfn.STDEV.P(F2:F7) -> 15.69501 | G10: =_xlfn.STDEV.P(G2:G7) -> 5.3658027

Sheet Letter Grade Array
A1: Grade | B1: Letter
A2: 0 | B2: F
A3: 1 | B3: F
A4: 2 | B4: F
A5: 3 | B5: F
A6: 4 | B6: F
A7: 5 | B7: F
A8: 6 | B8: F
A9: 7 | B9: F
A10: 8 | B10: F
A11: 9 | B11: F
A12: 10 | B12: F
A13: 11 | B13: F
... A102: 100 | B102: A
