Workbook

Sheet Basic statistics Page 1
B2: Score out of a possible 75
A3: 9 | B3: 22 | C3: =B3/75 -> 0.29333333
B4: 25 | C4: =B4/75 -> 0.33333333
B5: 29 | C5: =B5/75 -> 0.38666667
B6: 32 | C6: =B6/75 -> 0.42666667
B7: 51 | C7: =B7/75 -> 0.68
B8: 55 | C8: =B8/75 -> 0.73333333
B9: 55 | C9: =B9/75 -> 0.73333333
B10: 56 | C10: =B10/75 -> 0.74666667
B11: 60 | C11: =B11/75 -> 0.8
B12: 63 | C12: =B12/75 -> 0.84
B13: 63 | C13: =B13/75 -> 0.84 | E13: 7
B14: 65 | C14: =B14/75 -> 0.86666667 | E14: Frequency Table
B15: 66 | C15: =B15/75 -> 0.88 | E15: 20's | F15: 3
B16: 67 | C16: =B16/75 -> 0.89333333 | E16: 30's | F16: 1
B17: 70 | C17: =B17/75 -> 0.93333333 | E17: 40's | F17: 0
B18: 71 | C18: =B18/75 -> 0.94666667 | E18: 50's | F18: 4
B19: 72 | C19: =B19/75 -> 0.96 | E19: 60's | F19: 6
B20: 73 | C20: =B20/75 -> 0.97333333 | E20: 70's | F20: 4
A22: 1. Find the mean and median of the scores. | B22: =AVERAGE(B3:B20) -> 55.277778 | C22: =MEDIAN(B3:B20) -> 61.5
A23: 2. Find the standard deviation of the scores. | B23: =STDEV(B3:B20) -> 16.841146
A24: 3. What can you say about the scores so far? | B24: The scores are range from 22-73 and a little heavier on the high side.
A25: 4. What is the maximum score in this set? What is the minimum? | B25: =MAX(B3:B20) -> 73 | C25: =MIN(B3:B20) -> 22
A26: 5. What are the 1st and 3rd quartiles? | B26: =QUARTILE(B3:B20,1) -> 52 | C26: =QUARTILE(B3:B20,3) -> 66.75
A27: 6. What can you say about the scores now? | B27: The majority of the data is closer to the 3rd quartiler than to the 1st quartile.
A28: 7. Make a frequency table, grouping the scores by 10’s.
A29: 8. If these score represented your class, what would you think? | B29: I would say 4 of the students didn’t study. 3/4 of my peers passed
A30: 9. Create a histogram from this data.
A35: 27 out of 27

Sheet Scenario 1
B1: Mid-Term 100pts. | C1: Final 100pts. | D1: 9 lab projects 450 pts | E1: Hitorical Project 100pts. | F1: Statistic Project 100pts. | G1: Final 100pts. | H1: Total Points | I1: Course Average | J1: Letter Grade
A2: Student 1 | B2: 95 | C2: 99 | D2: 425 | E2: 88 | F2: 95 | G2: 95 | H2: 897 | I2: =(B2+C2+D2+E2+F2+G2)/950 -> 0.94421053 | J2: A
A3: Student 2 | B3: 96 | C3: 97 | D3: 430 | E3: 94 | F3: 78 | G3: 94 | H3: 889 | I3: =(B3+C3+D3+E3+F3+G3)/950 -> 0.93578947 | J3: A
A4: Student 3 | B4: 98 | C4: 96 | D4: 445 | E4: 98 | F4: 82 | G4: 93 | H4: 912 | I4: =(B4+C4+D4+E4+F4+G4)/950 -> 0.96 | J4: A
A5: Student 4 | B5: 100 | C5: 98 | D5: 425 | E5: 95 | F5: 94 | G5: 92 | H5: 904 | I5: =(B5+C5+D5+E5+F5+G5)/950 -> 0.95157895 | J5: A
A6: Student 5 | B6: 92 | C6: 95 | D6: 415 | E6: 99 | F6: 90 | G6: 90 | H6: 881 | I6: =(B6+C6+D6+E6+F6+G6)/950 -> 0.92736842 | J6: A
A8: Possible Points | B8: 100 | C8: 100 | D8: 450 | E8: 100 | F8: 100 | G8: 100 | H8: 950 | I8: 1
A10: Means | B10: =AVERAGE(B2:B6) -> 96.2 | C10: =AVERAGE(C2:C6) -> 97 | D10: =AVERAGE(D2:D6) -> 428 | E10: =AVERAGE(E2:E6) -> 94.8 | F10: =AVERAGE(F2:F6) -> 87.8 | G10: =AVERAGE(G2:G6) -> 92.8 | H10: =AVERAGE(H2:H6) -> 896.6 | I10: =AVERAGE(I2:I6) -> 0.94378947
A11: Std. Deviation | B11: =STDEV(B2:B6) -> 3.0331502 | C11: =STDEV(C2:C6) -> 1.5811388 | D11: =STDEV(D2:D6) -> 10.954451 | E11: =STDEV(E2:E6) -> 4.3243497 | F11: =STDEV(F2:F6) -> 7.4966659 | G11: =STDEV(G2:G6) -> 1.9235384 | H11: =STDEV(H2:H6) -> 12.177849 | I11: =STDEV(I2:I6) -> 0.012818788

Sheet Scenario 2
B1: Test 1 (20%) | C1: Test 2 (20%) | D1: Test 3 (20%) | E1: Homework (15%) | F1: Final (25%) | G1: Total Points | H1: Course Average | I1: Letter Grade
A2: Student 1 | B2: 15 | C2: 20 | D2: 18 | E2: 12 | F2: 22 | G2: =(B2+C2+D2+E2+F2) -> 87 | H2: =(G2)/100 -> 0.87 | I2: B
A3: Student 2 | B3: 20 | C3: 17 | D3: 12 | E3: 14 | F3: 23 | G3: =(B3+C3+D3+E3+F3) -> 86 | H3: =(G3)/100 -> 0.86 | I3: B
A4: Student 3 | B4: 18 | C4: 18 | D4: 18 | E4: 15 | F4: 24 | G4: =(B4+C4+D4+E4+F4) -> 93 | H4: =(G4)/100 -> 0.93 | I4: A
A5: Student 4 | B5: 17 | C5: 15 | D5: 19 | E5: 15 | F5: 25 | G5: =(B5+C5+D5+E5+F5) -> 91 | H5: =(G5)/100 -> 0.91 | I5: A
A6: Student 5 | B6: 19 | C6: 20 | D6: 17 | E6: 15 | F6: 23 | G6: =(B6+C6+D6+E6+F6) -> 94 | H6: =(G6)/100 -> 0.94 | I6: A
A8: Possible Points | B8: 20 | C8: 20 | D8: 20 | E8: 15 | F8: 25 | G8: 100 | H8: 1
A10: Means | B10: =AVERAGE(B2:B6) -> 17.8 | C10: =AVERAGE(C2:C6) -> 18 | D10: =AVERAGE(D2:D6) -> 16.8 | E10: =AVERAGE(E2:E6) -> 14.2 | F10: =AVERAGE(F2:F6) -> 23.4 | G10: =AVERAGE(G2:G6) -> 90.2 | H10: =AVERAGE(H2:H6) -> 0.902
A11: Std Deviation | B11: =STDEV(B2:B6) -> 1.9235384 | C11: =STDEV(C2:C6) -> 2.1213203 | D11: =STDEV(D2:D6) -> 2.7748874 | E11: =STDEV(E2:E6) -> 1.3038405 | F11: =STDEV(F2:F6) -> 1.1401754 | G11: =STDEV(G2:G6) -> 3.5637059 | H11: =STDEV(H2:H6) -> 0.035637059

Sheet Scenario 3
B1: Homework (25%) | C1: Midterm (25%) | D1: Final (50%) | E1: Total Points | F1: Course Average | G1: Letter Grade
A2: Student 1 | B2: 25 | C2: 25 | D2: 50 | E2: =(C2+B2+D2) -> 100 | F2: =(E2)/100 -> 1 | G2: A
A3: Student 2 | B3: 24 | C3: 20 | D3: 48 | E3: =(B3+C3+D3) -> 92 | F3: =(E3)/100 -> 0.92 | G3: A
A4: Student 3 | B4: 14 | C4: 21 | D4: 47 | E4: =(B4+C4+D4) -> 82 | F4: =(E4)/100 -> 0.82 | G4: B
A5: Student 4 | B5: 20 | C5: 24 | D5: 49 | E5: =(B5+C5+D5) -> 93 | F5: =(E5)/100 -> 0.93 | G5: A
A6: Student 5 | B6: 18 | C6: 23 | D6: 46 | E6: =(B6+C6+D6) -> 87 | F6: =(E6)/100 -> 0.87 | G6: B
A8: Possible Points | B8: 25 | C8: 25 | D8: 50 | E8: 100 | F8: 1
A10: Means | B10: =AVERAGE(B2:B6) -> 20.2 | C10: =AVERAGE(C2:C6) -> 22.6 | D10: =AVERAGE(D2:D6) -> 48 | E10: =AVERAGE(E2:E6) -> 90.8 | F10: =AVERAGE(F2:F6) -> 0.908
A11: Std. Deviation | B11: =STDEV(B2:B6) -> 4.494441 | C11: =STDEV(C2:C6) -> 2.0736441 | D11: =STDEV(D2:D6) -> 1.5811388 | E11: =STDEV(E2:E6) -> 6.7601775 | F11: =STDEV(F2:F6) -> 0.067601775

Sheet Scenario 4
B1: Homework 1 | C1: Homework 2 | D1: Homework 3 | E1: Homework 4 | F1: Homework 5 | G1: Homework 6 | H1: Homework 7 | I1: Homework 8 | J1: Homework 9 | K1: Homework 10 | M1: Homework (30%) | N1: Midterm (20%) | O1: Final (50%) | Q1: Course Average | R1: Letter Grade
A2: Student 1 | B2: 100 | C2: 98 | D2: 94 | E2: 91 | F2: 90 | G2: 95 | H2: 92 | I2: 99 | J2: 92 | K2: 91 | M2: =(SUM(B2:K2)-MIN(B2:K2))/900 -> 0.94666667 | N2: 0.95 | O2: 0.92 | Q2: =(M2*0.3+N2*0.2+O2*0.5) -> 0.934 | R2: A
A3: Student 2 | B3: 95 | C3: 95 | D3: 95 | E3: 84 | F3: 95 | G3: 75 | H3: 91 | I3: 88 | J3: 93 | K3: 97 | M3: =(SUM(B3:K3)-MIN(B3:K3))/900 -> 0.92555556 | N3: 0.96 | O3: 0.85 | Q3: =(M3*0.3+N3*0.2+O3*0.5) -> 0.89466667 | R3: B
A4: Student 3 | B4: 98 | C4: 92 | D4: 92 | E4: 85 | F4: 92 | G4: 95 | H4: 82 | I4: 94 | J4: 94 | K4: 96 | M4: =(SUM(B4:K4)-MIN(B4:K4))/900 -> 0.93111111 | N4: 0.98 | O4: 0.93 | Q4: =(M4*0.3+N4*0.2+O4*0.5) -> 0.94033333 | R4: A
A5: Student 4 | B5: 96 | C5: 65 | D5: 93 | E5: 95 | F5: 94 | G5: 84 | H5: 75 | I5: 85 | J5: 85 | K5: 100 | M5: =(SUM(B5:K5)-MIN(B5:K5))/900 -> 0.89666667 | N5: 0.85 | O5: 0.88 | Q5: =(M5*0.3+N5*0.2+O5*0.5) -> 0.879 | R5: B
A6: Student 5 | B6: 97 | C6: 92 | D6: 94 | E6: 78 | F6: 91 | G6: 85 | H6: 96 | I6: 92 | J6: 75 | K6: 99 | M6: =(SUM(B6:K6)-MIN(B6:K6))/900 -> 0.91555556 | N6: 0.82 | O6: 0.95 | Q6: =(M6*0.3+N6*0.2+O6*0.5) -> 0.91366667 | R6: A
A8: Possible Points | B8: 100 | C8: 100 | D8: 100 | E8: 100 | F8: 100 | G8: 100 | H8: 100 | I8: 100 | J8: 100 | K8: 100 | M8: 1 | N8: 100 | O8: 100 | Q8: 100
A10: Means | B10: =AVERAGE('Scenario 4'!B2:B6) -> 97.2 | C10: =AVERAGE('Scenario 4'!C2:C6) -> 88.4 | D10: =AVERAGE('Scenario 4'!D2:D6) -> 93.6 | E10: =AVERAGE('Scenario 4'!E2:E6) -> 86.6 | F10: =AVERAGE('Scenario 4'!F2:F6) -> 92.4 | G10: =AVERAGE('Scenario 4'!G2:G6) -> 86.8 | H10: =AVERAGE('Scenario 4'!H2:H6) -> 87.2 | I10: =AVERAGE('Scenario 4'!I2:I6) -> 91.6 | ... K10: =AVERAGE('Scenario 4'!K2:K6) -> 96.6 | M10: =AVERAGE('Scenario 4'!M2:M6) -> 0.92311111 | N10: =AVERAGE('Scenario 4'!N2:N6) -> 0.912 | O10: =AVERAGE('Scenario 4'!O2:O6) -> 0.906 | Q10: =AVERAGE('Scenario 4'!Q2:Q6) -> 0.91233333
A11: Std. Deviation | B11: =STDEV(B2:B6) -> 1.9235384 | C11: =STDEV(C2:C6) -> 13.315405 | D11: =STDEV(D2:D6) -> 1.1401754 | E11: =STDEV(E2:E6) -> 6.5802736 | F11: =STDEV(F2:F6) -> 2.0736441 | G11: =STDEV(G2:G6) -> 8.4380092 | H11: =STDEV(H2:H6) -> 8.5264295 | I11: =STDEV(I2:I6) -> 5.4129474 | ... K11: =STDEV(K2:K6) -> 3.5071356 | M11: =STDEV(M2:M6) -> 0.018582482 | N11: =STDEV(N2:N6) -> 0.071902712 | O11: =STDEV(O2:O6) -> 0.040373258 | Q11: =STDEV(Q2:Q6) -> 0.025876845

Sheet Scenario 5
B1: Homework 1 | C1: Homework 2 | D1: Homework 3 | E1: Homework 4 | F1: Homework 5 | G1: Homework 6 | H1: Homework 7 | I1: Homework 8 | J1: Homework 9 | K1: Homework 10 | M1: Homework (30%) | N1: Midterm (20%) | O1: Final (50%) | Q1: Course Average | R1: Letter Grade
A2: Student 1 | B2: 100 | C2: 98 | D2: 94 | E2: 91 | F2: 90 | G2: 95 | H2: 92 | I2: 99 | J2: 92 | K2: 91 | M2: =(SUM(B2:K2)-SMALL(B2:K2,1)-SMALL(B2:K2,2))/800 -> 0.95125 | N2: 0.95 | O2: 0.78 | Q2: =(M2*0.3+N2*0.2+O2*0.5) -> 0.865375 | R2: B
A3: Student 2 | B3: 95 | C3: 95 | D3: 95 | E3: 84 | F3: 95 | G3: 75 | H3: 91 | I3: 88 | J3: 93 | K3: 97 | M3: =(SUM(B3:K3)-SMALL(B3:K3,1)-SMALL(B3:K3,2))/800 -> 0.93625 | N3: 0.92 | O3: 0.91 | Q3: =(M3*0.3+N3*0.2+O3*0.5) -> 0.919875 | R3: A
A4: Student 3 | B4: 98 | C4: 92 | D4: 92 | E4: 85 | F4: 92 | G4: 95 | H4: 82 | I4: 94 | J4: 94 | K4: 96 | M4: =(SUM(B4:K4)-SMALL(B4:K4,1)-SMALL(B4:K4,2))/800 -> 0.94125 | N4: 0.85 | O4: 0.85 | Q4: =(M4*0.3+N4*0.2+O4*0.5) -> 0.877375 | R4: B
A5: Student 4 | B5: 96 | C5: 65 | D5: 93 | E5: 95 | F5: 94 | G5: 84 | H5: 75 | I5: 85 | J5: 85 | K5: 100 | M5: =(SUM(B5:K5)-SMALL(B5:K5,1)-SMALL(B5:K5,2))/800 -> 0.915 | N5: 0.94 | O5: 0.8 | Q5: =(M5*0.3+N5*0.2+O5*0.5) -> 0.8625 | R5: B
A6: Student 5 | B6: 97 | C6: 92 | D6: 94 | E6: 78 | F6: 91 | G6: 85 | H6: 96 | I6: 92 | J6: 75 | K6: 99 | M6: =(SUM(B6:K6)-SMALL(B6:K6,1)-SMALL(B6:K6,2))/800 -> 0.9325 | N6: 0.91 | O6: 0.92 | Q6: =(M6*0.3+N6*0.2+O6*0.5) -> 0.92175 | R6: A
A8: Possible Points | B8: 100 | C8: 100 | D8: 100 | E8: 100 | F8: 100 | G8: 100 | H8: 100 | I8: 100 | J8: 100 | K8: 100 | M8: 1 | N8: 1 | O8: 1 | Q8: 1
A10: Means | B10: =AVERAGE(B2:B6) -> 97.2 | C10: =AVERAGE(C2:C6) -> 88.4 | D10: =AVERAGE(D2:D6) -> 93.6 | E10: =AVERAGE(E2:E6) -> 86.6 | F10: =AVERAGE(F2:F6) -> 92.4 | G10: =AVERAGE(G2:G6) -> 86.8 | H10: =AVERAGE(H2:H6) -> 87.2 | I10: =AVERAGE(I2:I6) -> 91.6 | ... K10: =AVERAGE(K2:K6) -> 96.6 | M10: =AVERAGE(M2:M6) -> 0.93525 | N10: =AVERAGE(N2:N6) -> 0.914 | O10: =AVERAGE(O2:O6) -> 0.852 | Q10: =AVERAGE(Q2:Q6) -> 0.889375
A11: Std. Deviation | B11: =STDEV(B2:B6) -> 1.9235384 | C11: =STDEV(C2:C6) -> 13.315405 | D11: =STDEV(D2:D6) -> 1.1401754 | E11: =STDEV(E2:E6) -> 6.5802736 | F11: =STDEV(F2:F6) -> 2.0736441 | G11: =STDEV(G2:G6) -> 8.4380092 | H11: =STDEV(H2:H6) -> 8.5264295 | I11: =STDEV(I2:I6) -> 5.4129474 | ... K11: =STDEV(K2:K6) -> 3.5071356 | M11: =STDEV(M2:M6) -> 0.013328775 | N11: =STDEV(N2:N6) -> 0.039115214 | O11: =STDEV(O2:O6) -> 0.063007936 | Q11: =STDEV(Q2:Q6) -> 0.029243188

Sheet Scenario 6
B1: Exam 1 (20%) | C1: Exam 2 (20%) | D1: Exam 3 (20%) | E1: Exam Average(50 or 66%) | F1: Final Exam (50 or 33%) | H1: Course Average | I1: Letter Grade
A2: Student 1 | B2: 95 | C2: 89 | D2: 90 | E2: =AVERAGE(B2:D2) -> 91.333333 | F2: 89 | H2: =IF(F2>E2,E2*0.5+F2*0.5,E2*2/3+F2*1/3) -> 90.555556 | I2: A
A3: Student 2 | B3: 92 | C3: 78 | D3: 95 | E3: =AVERAGE(B3:D3) -> 88.333333 | F3: 70 | H3: =IF(F3>E3,E3*0.5+F3*0.5,E3*2/3+F3*1/3) -> 82.222222 | I3: B
A4: Student 3 | B4: 94 | C4: 92 | D4: 90 | E4: =AVERAGE(B4:D4) -> 92 | F4: 91 | H4: =IF(F4>E4,E4*0.5+F4*0.5,E4*2/3+F4*1/3) -> 91.666667 | I4: A
A5: Student 4 | B5: 85 | C5: 94 | D5: 91 | E5: =AVERAGE(B5:D5) -> 90 | F5: 90 | H5: =IF(F5>E5,E5*0.5+F5*0.5,E5*2/3+F5*1/3) -> 90 | I5: A
A6: Student 5 | B6: 90 | C6: 91 | D6: 92 | E6: =AVERAGE(B6:D6) -> 91 | F6: 87 | H6: =IF(F6>E6,E6*0.5+F6*0.5,E6*2/3+F6*1/3) -> 89.666667 | I6: B
A8: Possible Points | B8: 100 | C8: 100 | D8: 100 | E8: 100 | F8: 100 | H8: 100
A10: Means | B10: =AVERAGE(B2:B6) -> 91.2 | C10: =AVERAGE(C2:C6) -> 88.8 | D10: =AVERAGE(D2:D6) -> 91.6 | E10: =AVERAGE(E2:E6) -> 90.533333 | F10: =AVERAGE(F2:F6) -> 85.4 | H10: =AVERAGE(H2:H6) -> 88.822222
A11: Std. Deviation | B11: =STDEV(B2:B6) -> 3.9623226 | C11: =STDEV(C2:C6) -> 6.3007936 | D11: =STDEV(D2:D6) -> 2.0736441 | E11: =STDEV(E2:E6) -> 1.42595 | F11: =STDEV(F2:F6) -> 8.7349871 | H11: =STDEV(H2:H6) -> 3.7668142

Sheet GPA pg. 3
B2: Hours Sleeping | C2: Hours Studying | D2: GPA
B3: 6.3 | C3: 1.2 | D3: 2.7
B4: 8.7 | C4: 1.5 | D4: 2.9
B5: 8.5 | C5: 3.4 | D5: 3.9
B6: 7.2 | C6: 2.3 | D6: 3.7
B7: 6.2 | C7: 4.2 | D7: 4
B8: 7.3 | C8: 1.4 | D8: 3
B9: 7.1 | C9: 2.2 | D9: 3.1
B10: 7.6 | C10: 2 | D10: 3.2
B11: 6.9 | C11: 2.7 | D11: 3.5
B12: 6.7 | C12: 0.8 | D12: 2.4
B39: correlation coefficients ?? | D39: -3
